投诉编号,投诉品牌,投诉车系,投诉车型,问题简述,典型问题,投诉时间,投诉状态
500036,北京现代,领动,2019款 1.4T 双离合 炫动·活力型,北京现代领动变速器换挡异响顿挫明显,变速器:异响 变速器:顿挫 ,2020-07-23,信息审核
500031,吉利汽车,帝豪GS,2016款 1.3T 自动 领尚型 运动版,吉利帝豪GS车门生锈多次喷漆未解决,车身附件及电器:车身生锈 ,2020-07-23,信息审核
500025,广汽丰田,凯美瑞,2019款 2.0G 豪华版 国VI,广汽丰田凯美瑞机油增多有严重汽油味,发动机:机油增多 ,2020-07-23,信息审核
500023,上汽大众,途观L,2017款 330TSI 两驱 豪华版,上汽大众途观L变速箱机电控制单元损坏,变速器:故障灯亮 变速器:滑阀箱故障 ,2020-07-23,信息审核
500021,东风日产,天籁,2019款 2.0L XL Upper 智行版,东风日产天籁发动机异响前减震器异响,发动机:异响 前后桥及悬挂系统:减震器异响 人员技术:多次返修 ,2020-07-23,信息审核
500013,一汽-大众,速腾,2014款 1.4TSI 自动 豪华型,一汽大众速腾变速箱加速无力急加速异响,变速器:异响 ,2020-07-23,信息审核
500011,东风标致,标致408,2015款 1.2T 自动 豪华版,东风标致408发动机烧机油希望尽快解决,发动机:烧机油 ,2020-07-23,信息审核
500000,上汽大众,途观,2013款 1.8TSI 自动 四驱 豪华型,上汽大众途观天窗漏水导致底板被水浸泡,车身附件及电器:天窗漏水 ,2020-07-23,信息审核
499997,东风雪铁龙,雪铁龙C4L,2016款 1.6T 自动 精英型,东风雪铁龙C4L发动机失去动力厂家不保修,发动机:异响 发动机:动力消失 发动机:涡轮增压器故障 服务态度:不予索赔 ,2020-07-23,厂家受理
499995,英菲尼迪（进口）,英菲尼迪QX60,2016款 2.5T Hybrid 两驱 卓越版 国V,进口英菲尼迪QX60变速箱顿挫有异响,变速器:异响 变速器:顿挫 ,2020-07-23,信息审核
499992,一汽-大众奥迪,奥迪A4L,2020款 40 TFSI 时尚动感型,一汽大众奥迪A4L挂N挡和P挡时发动机抖动,发动机:抖动 ,2020-07-23,信息审核
499989,上汽大众,凌渡,2019款 230TSI DSG 风尚版 国V,上汽大众凌渡过颠簸路面时变速箱异响,变速器:异响 ,2020-07-23,信息审核
499988,长城汽车,WEY VV5,2020款 1.5T 两驱 颜先锋,WEY VV5挂挡后变速箱无动力输出,变速器:无法加速 ,2020-07-23,信息审核
499985,长城汽车,哈弗H2,2014款 1.5T 手动 两驱尊贵版 5座,哈弗H2车身生锈 转向异响希望处理,转向系统:异响 车身附件及电器:车身生锈 ,2020-07-23,信息审核
499984,东风标致,标致408,2019款 350THP 自动 尊贵版 国V,东风标致408行驶中发动机熄火要求解决,发动机:熄火 车身附件及电器:汽油泵故障 服务态度:不解决问题 ,2020-07-23,信息审核
499980,众泰汽车,众泰E200,2016款 纯电动 三门两座科技版,众泰E200电控单元故障导致无法启动,发动机:电驱动控制器故障 ,2020-07-23,信息审核
499979,华晨宝马,宝马X3,2020款 xDrive28i 豪华套装,华晨宝马X3防冻液渗漏严重希望处理,发动机:漏防冻液 发动机:冷却系统故障 ,2020-07-23,信息审核
499978,江淮汽车,瑞风S3,2015款 1.5L 手动 豪华智能尊享版,江淮瑞风S3车身大梁开裂生锈希望厂家解决,前后桥及悬挂系统:前后桥断裂 车身附件及电器:车身生锈 ,2020-07-23,厂家受理
499977,一汽-大众,迈腾,2017款 330TSI DSG 豪华型,一汽大众迈腾变速箱机电单元出现故障,变速器:滑阀箱故障 变速器:电脑板故障 ,2020-07-23,信息审核
499974,东风本田,本田CR-V,2019款 240TURBO CVT 两驱 舒适版 国V,东风本田CR-V低速行驶收油门时变速箱顿挫,变速器:顿挫 ,2020-07-23,信息审核
499972,长城汽车,WEY VV5,2017款 VV5 超豪型,WEY VV5反光镜折叠时异响厂家不予保修,车身附件及电器:后视镜故障 服务态度:不予索赔 ,2020-07-23,信息审核
499970,一汽-大众,速腾,2018款 280TSI 双离合 舒适型,一汽大众速腾变速箱只有偶数挡行驶时顿挫,变速器:顿挫 变速器:无法换挡 ,2020-07-23,厂家受理
499968,宝马（进口）,宝马7系,2008款 730Li 3.0L 自动 经典版,进口宝马7系车顶漏水要求厂家尽快解决,车身附件及电器:车身漏水 ,2020-07-23,信息审核
499967,东南汽车,东南DX3,2018款 1.5L 手动 劲彩版,东南DX3方向管柱异响更换5次未解决,转向系统:异响 ,2020-07-23,信息审核
499966,北京奔驰,奔驰C级,2020款 C 260 L 运动版 4MATIC,北京奔驰C级4S店扣押随车物品强制购买保险,服务收费:强制购买 服务流程不完善:手续不齐 ,2020-07-23,信息审核
499963,北京现代,领动,2019款 1.4T 双离合 炫动·活力型,北京现代领动起步时转向异响变速箱故障,转向系统:异响 ,2020-07-23,信息审核
499961,上汽大众,途观L,2018款 380TSI 自动 四驱 旗舰版,上汽大众途观L自适应巡航控制系统经常故障,车身附件及电器:定速巡航故障 ,2020-07-23,信息审核
499957,北京现代,悦动,2010款 1.6 手动 GL 舒适型,北京现代悦动仪表台开胶希望厂家处理,车身附件及电器:仪表台开裂 ,2020-07-23,信息审核
499952,上汽通用五菱,宝骏310,2016款 1.2L 手动 豪华型,宝骏310经销商定损维修后车身漆面生锈,车身附件及电器:车身生锈 车身附件及电器:漆面起泡开裂 车身附件及电器:车身有色差 人员技术:维修技术差 配件争议:使用非原厂件 ,2020-07-23,信息审核
499950,星途,星途TX,2019款 TXL 1.6T 两驱 铂金版,星途TX行驶中抖动加速共振希望厂家处理,车身附件及电器:车身共振 车身附件及电器:雨刮器故障 ,2020-07-23,信息审核
499949,东风标致,标致408,2014款 1.6T 自动 至尊版,东风标致408节温器故障导致发动机故障灯亮,发动机:冷却系统故障 ,2020-07-23,厂家受理
499945,东风雪铁龙,C4世嘉,2016款 1.6L 手动 舒适型,东风雪铁龙C4世嘉车内异味 发动机故障灯亮,发动机:故障灯亮 车身附件及电器:车内异味 ,2020-07-23,厂家受理
499944,长城汽车,哈弗H2s,2018款 1.5T 双离合 智尚型,哈弗H2s仪表台框架生锈希望尽快处理,车身附件及电器:车身生锈 ,2020-07-23,信息审核
499943,北京越野,北京BJ40,2018款 PLUS 2.3T 自动 四驱 旗舰型 国V,北京BJ40涡轮增压器故障导致无法使用,发动机:涡轮增压器故障 车身附件及电器:电路故障 ,2020-07-23,信息审核
499942,东风标致,标致408,2016款 1.6T 自动 豪华版,东风标致408固特异轮胎多处老化开裂,轮胎:开裂 ,2020-07-23,厂家受理
499939,吉利汽车,帝豪GS,2016款 1.8L 手动 领尚型 运动版,吉利帝豪GS离合器漏油不回弹无法使用,离合器:漏油 ,2020-07-23,信息审核
499938,英菲尼迪（进口）,英菲尼迪QX60,2018款 2.5T Hybrid 两驱 冠军家庭版,英菲尼迪QX60低速时变速箱抖动希望处理,变速器:抖动 ,2020-07-23,信息审核
499936,一汽-大众,迈腾,2015款 1.8TSI 领先型,一汽大众迈腾变速箱机电单元故障导致跳挡,变速器:电脑板故障 ,2020-07-23,厂家受理
499935,福田汽车,图雅诺,2019款 2.8T E5 厢货 4J28TC3,福田图雅诺运输事故车当新车卖要求解决,销售欺诈:出售问题车 ,2020-07-23,信息审核
499933,东风标致,标致308,2014款 乐享版 经典 1.6L 自动 优尚型,东风标致308碳罐堵塞导致油表显示不正确,车身附件及电器:油箱有缺陷 ,2020-07-23,厂家受理
499921,比亚迪,比亚迪e2,2019款 高续航版 创·尊贵型,比亚迪e2前挡风玻璃无故开裂4S店不予保修,车身附件及电器:玻璃开裂 服务态度:不予索赔 ,2020-07-23,厂家受理
499919,一汽-大众奥迪,奥迪A6L,2019款 45 TFSI 臻选致雅型,一汽大众奥迪A6L发动机抖动熄火希望处理,发动机:熄火 ,2020-07-23,信息审核
499918,一汽-大众,T-ROC探歌,2019款 280TSI DSG 两驱 舒适型 国VI,一汽大众探歌韩泰轮胎开裂希望厂家尽快解决,轮胎:开裂 ,2020-07-23,厂家受理
499916,长城汽车,哈弗H1,2017款 1.5L 手动 标准型 红标,哈弗H1发动机提速慢经销商销售库存车辆,发动机:无法提速 销售欺诈:出售库存车 ,2020-07-23,信息审核
499911,北京越野,北京BJ20,2016款 1.5T CVT 豪华型,北京BJ20天窗漏水严重4S店不予解决,车身附件及电器:天窗漏水 服务态度:不予索赔 ,2020-07-23,信息审核
499910,北京奔驰,奔驰C级,2020款 C 260 运动版,北京奔驰C级新车出现48V车载电力系统故障,发动机:故障灯亮 发动机:电动机故障 ,2020-07-23,信息审核
499909,一汽-大众,迈腾,2009款 1.8TSI DSG 舒适型,一汽大众迈腾车身漏水要求尽快处理,车身附件及电器:车身漏水 ,2020-07-23,厂家受理
499908,东风本田,本田XR-V,2017款 1.5L LXi CVT 经典版,东风本田XR-V冷启动发动机异响希望解决,发动机:异响 ,2020-07-23,信息审核
499905,上汽大众,凌渡,2019款 230TSI DSG 风尚版 国V,上汽大众凌渡变速箱顿挫异响厂家不回复,变速器:异响 变速器:顿挫 制动系统:异响 服务态度:不解决问题 服务态度:厂家不回复 ,2020-07-23,厂家受理
499899,一汽-大众,迈腾,2015款 1.8TSI 领先型,一汽大众迈腾车内异味越来越大影响驾驶,车身附件及电器:车内异味 ,2020-07-23,厂家受理
499898,北京奔驰,奔驰C级,2013款 180 经典型 Grand Edition,北京奔驰C级发动机凸轮轴调节器故障,发动机:异响 发动机:故障灯亮 ,2020-07-22,信息审核
499897,一汽-大众,速腾,2012款 1.4TSI DSG 豪华型,一汽大众速腾变速箱机电单元损坏,变速器:滑阀箱故障 ,2020-07-22,厂家受理
499894,宝马（进口）,宝马X4,2019款 2.0T xDrive25i M运动套装,进口宝马X4减震器漏油 4S店不解决问题,前后桥及悬挂系统:减震器漏油 服务态度:不解决问题 服务态度:态度蛮横 ,2020-07-22,信息审核
499891,吉利汽车,博瑞,2015款 1.8T 尊贵型,吉利博瑞转向失灵 气囊故障灯亮 怠速抖动,发动机:怠速不稳 转向系统:失灵 车身附件及电器:气囊故障 ,2020-07-22,信息审核
499884,华晨宝马,宝马3系,2020款 325Li M运动套装,华晨宝马3系低速行驶时下摆臂有断裂的现象,前后桥及悬挂系统:下摆臂故障 ,2020-07-22,信息审核
499882,奇瑞汽车,艾瑞泽EX,2019款 1.5L CVT 自在版 国V,奇瑞艾瑞泽EX驾驶侧车门内部有生锈的现象,车身附件及电器:车身生锈 ,2020-07-22,厂家受理
499881,一汽-大众奥迪,奥迪A4L,2018款 2.0T 时尚型 30周年年型,一汽大众奥迪A4L发动机怠速抖动转向异响,发动机:怠速不稳 转向系统:异响 ,2020-07-22,信息审核
499878,广汽本田,飞度,2016款 1.5L LX 手动 舒适型,广汽本田飞度行驶过程中变速箱有异响,变速器:异响 ,2020-07-22,厂家受理
499875,北京现代,现代ix35,2010款 2.0 自动 2WD 精英版 GLS,北京现代ix35发动机烧机油 拉缸要求处理,发动机:烧机油 发动机:拉缸 ,2020-07-22,信息审核
499874,广汽三菱,欧蓝德,2020款 2.4L 四驱 致享版 5座,广汽三菱欧蓝德发动机冷启动困难希望解决	,发动机:无法启动 ,2020-07-22,厂家受理
499873,北京现代,领动,2018款 1.4T 双离合 炫动·活力型,北京现代领动大灯起雾影响行车安全	,车身附件及电器:车灯进水 ,2020-07-22,信息审核
499864,一汽-大众,迈腾,2019款 330TSI DSG 豪华型 国VI,一汽大众迈腾购车后发现是冰雹车4S店不解决,销售欺诈:出售问题车 ,2020-07-22,厂家受理
499862,一汽-大众,捷达,2017款 1.4L 手动 时尚型,一汽大众捷达离合器沉重影响驾驶,离合器:沉重 ,2020-07-22,厂家受理
499859,北京现代,现代ix35,2019款 2.0L 自动 两驱 智勇·畅质版 国VI,北京现代ix35起步困难动力不足 电瓶亏电,变速器:无法加速 车身附件及电器:电瓶故障 ,2020-07-22,信息审核
499858,一汽-大众,探岳,2019款 330TSI 四驱 豪华型 国Ⅵ,一汽大众探岳升降挡时变速箱顿挫,变速器:顿挫 ,2020-07-22,厂家受理
499856,东风汽车,多利卡,2012款 136马力 4X2 载货车(EQ1081TZ12D5) L系列,东风多利卡购车后问题较多整车质量差,配件争议:配件质量差 ,2020-07-22,信息审核
499855,东风日产,逍客,2019款 2.0L CVT 智享版,东风日产逍客厂家承诺消暑基金不予兑现,承诺不兑现:销售承诺不兑现 ,2020-07-22,厂家受理
499854,凯翼汽车,凯翼X3,2016款 1.6L 手动 智联IV版,凯翼X3车机与宣传不一致 承诺保养未兑现,车身附件及电器:影音系统故障 车身附件及电器:门窗异响 车身附件及电器:中控台异响 车身附件及电器:座椅故障 承诺不兑现:销售承诺不兑现 销售欺诈:与宣传不符 ,2020-07-22,信息审核
499853,上汽大众,朗逸,2019款 1.5L 自动 视野版 国VI,上汽大众朗逸行驶中韩泰轮胎爆胎,轮胎:爆胎 ,2020-07-22,信息审核
499852,一汽-大众,速腾,2019款 200TSI DSG 舒适型 国VI,一汽大众速腾挂R挡时车身抖动异响,变速器:异响 变速器:抖动 ,2020-07-22,厂家受理
499851,奇瑞汽车,艾瑞泽7,2016款 1.6L 手动 智效致臻版,奇瑞艾瑞泽7天窗自动开启后关闭困难,车身附件及电器:天窗开关异常 ,2020-07-22,厂家受理
499850,一汽-大众,速腾,2020款 280TSI DSG 舒适型 国VI,一汽大众速腾挂挡时变速箱顿挫有异响,变速器:异响 变速器:顿挫 车身附件及电器:车身异响 车身附件及电器:座椅故障 ,2020-07-22,信息审核
499845,东风本田,哥瑞,2016款 1.5L CVT 经典版,东风本田哥瑞变速器漏油存在质量问题,变速器:漏油 ,2020-07-22,信息审核
499842,广汽丰田,雷凌,2019款 双擎 1.8H E-CVT 豪华版 国VI,广汽丰田雷凌低速行驶轻微转动方向盘异响,转向系统:异响 ,2020-07-22,信息审核
499839,江淮汽车,瑞风S3,2017款 1.5L 手动 豪华智能型,江淮瑞风S3轮胎吃胎 厂家不予索赔,前后桥及悬挂系统:吃胎偏磨 ,2020-07-22,厂家受理
499835,一汽-大众,速腾,2019款 280TSI DSG 舒适型 国VI,一汽大众速腾电瓶没电希望尽快处理,车身附件及电器:电瓶故障 ,2020-07-22,厂家受理
499834,众泰汽车,众泰T700,2018款 1.8T 双离合 定制版,众泰T700厂家无配件无法解决车辆问题,配件争议:无零配件 ,2020-07-22,信息审核
499831,一汽-大众,探岳,2020款 330TSI 两驱 豪华智联版,一汽大众探岳大灯乳白色车灯不亮,车身附件及电器:车灯不亮 ,2020-07-22,厂家受理
499829,一汽-大众,宝来,2020款 280TSI DSG 精英型,一汽大众宝来变速箱异响厂家拖延不处理,变速器:异响 服务态度:故意拖延 ,2020-07-22,厂家受理
499828,奇瑞汽车,捷途X70,2018款 1.5T 手动 悦行版,捷途X70前后排座椅异响无法索赔,车身附件及电器:座椅故障 服务态度:不予索赔 ,2020-07-22,厂家受理
499826,一汽丰田,RAV4荣放,2016款 2.0L CVT 两驱 都市版 国V,一汽丰田RAV4荣放座椅生锈4S店保养操不规范,车身附件及电器:车身生锈 人员技术:操作不规范 ,2020-07-22,信息审核
499818,北京现代,悦动,2018款 1.6L 自动 悦目版 GL 国V,北京现代悦动启动困难4S店无法解决,发动机:无法启动 ,2020-07-22,信息审核
499815,一汽-大众奥迪,奥迪Q3,2016款 30 TFSI 智领型 典藏版,一汽大众奥迪Q3电瓶亏电影响正常驾驶,车身附件及电器:电瓶故障 ,2020-07-22,信息审核
499814,一汽-大众,探岳,2019款 330TSI 两驱 豪华型 国V,一汽大众探岳车灯有阴影希望厂家处理问题,车身附件及电器:车灯不亮 ,2020-07-22,厂家受理
499812,猎豹汽车,猎豹CS9,2017款 1.5L CVT 舒适型,猎豹CS9变速箱异响 4S店保养不规范,发动机:功率不足 变速器:异响 制动系统:刹车偏软 车身附件及电器:电瓶故障 人员技术:操作不规范 ,2020-07-22,信息审核
499805,广汽乘用车,传祺GM6,2019款 270T 自动 尊荣版（七座）国VI,广汽传祺GM6电瓶故障导致发动机启动困难,车身附件及电器:电瓶故障 ,2020-07-22,信息审核
499798,广汽本田,飞度,2014款 1.5L CVT LX舒适型,广汽本田飞度冷车启动时发动机异响,发动机:异响 ,2020-07-22,厂家受理
499796,上汽通用五菱,五菱宏光,2019款 1.5L S 基本型 国VI LAR,上汽通用五菱宏光变速箱间隙大噪音严重	,变速器:异响 ,2020-07-22,信息审核
499792,一汽吉林,森雅R9,2018款 1.2T 自动 旗舰智享型,一汽吉林森雅R9中控屏无货希望处理,车身附件及电器:影音系统故障 配件争议:无零配件 ,2020-07-22,信息审核
499780,上汽集团,荣威360,2017款 1.5L 手动 豪华版,上汽荣威360刹车疲软 发动机报警抖动噪音大,发动机:抖动 发动机:故障灯亮 发动机:噪音大 制动系统:刹车偏软 ,2020-07-22,厂家受理
499779,一汽-大众,探岳,2020款 330TSI 两驱 豪华智联版Pro,一汽大众探岳座椅加热无法关闭 车联网故障,发动机:故障灯亮 车身附件及电器:电瓶故障 车身附件及电器:车载互联故障 车身附件及电器:座椅故障 ,2020-07-22,厂家受理
499778,东风标致,标致408,2018款 350THP 自动 豪华版,东风标致408贷款购车无法办理解押,服务流程不完善:手续不齐 ,2020-07-22,厂家受理
499774,华晨鑫源,海狮X30L,2019款 1.5L 厢货 财富版 国VI SWC15M,金杯海狮X30L方向助力失灵不予质保,转向系统:打方向沉重 ,2020-07-22,信息审核
499773,BEIJING汽车,BEIJING-EU5,2018款 EU5 R500 智风版,BEIJING EU5轮胎吃胎偏磨希望尽快处理,前后桥及悬挂系统:吃胎偏磨 ,2020-07-22,厂家受理
499772,北京汽车制造厂,BJ 212,2020款 1.5T 方门 硬顶,北汽制造BJ 212车身生锈并且开裂,车身附件及电器:车身生锈 车身附件及电器:部件开裂 ,2020-07-22,信息审核
499771,众泰汽车,众泰SR9,2017款 2.0T 自动 极致之梦版,众泰SR9变速箱挂入D挡之后无法行驶	,变速器:无法加速 服务态度:厂家不回复 ,2020-07-22,厂家受理
499770,东风启辰,启辰T90,2018款 2.0L CVT 智联智尚版 国VI,启辰T90开内循环加速时空调存在异味,车身附件及电器:空调异味 ,2020-07-22,信息审核
499761,一汽-大众,探岳,2019款 330TSI 两驱 豪华型 国Ⅵ,一汽大众探岳大灯透镜发白影响照明,车身附件及电器:车灯不亮 ,2020-07-22,厂家受理
499760,广汽丰田,雷凌,2017款 1.2T G CVT 精英版,广汽丰田雷凌发动机真空阀有质量问题,发动机:异响 ,2020-07-22,信息审核
499756,东风标致,标致301,2014款 1.6L 手动 舒适版,东风标致301更换电瓶后ABS泵损坏,制动系统:ABS故障 ,2020-07-22,厂家受理
499754,东风日产,蓝鸟,2016款 1.6L CVT 智酷版,东风日产蓝鸟刹车偏软制动距离长,制动系统:刹车偏软 ,2020-07-22,厂家受理
499748,东风标致,标致508,2011款 2.3 自动 旗舰版,东风标致508自购车起车内一直存在异味,车身附件及电器:车内异味 ,2020-07-22,厂家受理
499746,吉利汽车,帝豪GS,2019款 1.4T CVT 雅,吉利帝豪GS发动机故障灯常亮维修未解决,发动机:故障灯亮 ,2020-07-22,信息审核
499740,江淮汽车,瑞风S3,2016款 1.5L 手动 豪华智能型,江淮瑞风S3转向卡顿轮胎吃胎车窗无法上升,转向系统:异响 转向系统:卡滞 前后桥及悬挂系统:吃胎偏磨 车身附件及电器:车窗升降故障 车身附件及电器:中控锁故障 ,2020-07-22,处理反馈
499735,江淮汽车,瑞风S3,2014款 1.5L 手动 舒适型,江淮瑞风S3车身底架出现裂痕影响行车安全,车身附件及电器:部件开裂 ,2020-07-22,处理反馈
499732,东风日产,楼兰,2015款 2.5L 两驱 智享版 XL NAVI,东风日产楼兰变速箱阀体损坏希望解决,变速器:滑阀箱故障 ,2020-07-22,厂家受理
499730,一汽-大众,迈腾,2017款 330TSI DSG 豪华型,一汽大众迈腾变速箱进入紧急模式,变速器:故障灯亮 ,2020-07-22,厂家受理
499729,奇瑞汽车,瑞虎8,2019款 1.5TCI 手动 时尚型,奇瑞瑞虎8启动时发动机转速偏高,发动机:怠速不稳 ,2020-07-22,用户评分
499725,上汽大众,途观,2017款 300TSI 自动 两驱 丝绸之路风尚版,上汽大众途观油气分离器故障机油损耗过大,发动机:烧机油 ,2020-07-22,厂家受理
499717,北京现代,名图,2014款 1.8L 自动 智能型,北京现代名图天窗有漏水的现象要求处理,车身附件及电器:天窗漏水 ,2020-07-22,信息审核
499708,上汽斯柯达,柯迪亚克,2019款 TSI330 两驱 豪华优享版 7座 国VI,斯柯达柯迪亚克大灯漏水 4S店不予保修,车身附件及电器:车灯进水 服务态度:不予索赔 ,2020-07-22,厂家受理
499706,一汽-大众,探岳,2019款 330TSI 四驱 豪华型 国V,一汽大众探岳车灯不亮希望尽快处理,车身附件及电器:车灯不亮 ,2020-07-22,厂家受理
499705,一汽-大众奥迪,奥迪A6L,2018款 TFSI 双离合 进取型,一汽大众奥迪A6L车身A柱漏水导致车内积水,车身附件及电器:车身漏水 ,2020-07-22,信息审核
499704,众泰汽车,芝麻,2016款 E30 标准型,众泰芝麻动力电池故障无法行驶希望处理,车身附件及电器:动力电池故障 ,2020-07-22,厂家受理
499702,一汽大众,捷达VS7,2020款 1.4T 自动 悦享型,捷达VS7后备箱与前机盖漏水严重,车身附件及电器:车身漏水 ,2020-07-22,信息审核
499700,奇瑞捷豹路虎,发现神行,2019款 240PS SE版 国VI,奇瑞路虎发现神行冷启动时发动机异响,发动机:异响 ,2020-07-22,厂家受理
499699,东风标致,标致308,2014款 乐享版 经典 1.6L 手动 优尚型,东风标致308方向盘间隙过大行驶中车身共振,转向系统:转向机故障 转向系统:方向盘自由间隙过大 车身附件及电器:车身共振 ,2020-07-22,厂家受理
499698,一汽-大众,探岳,2019款 330TSI 两驱 豪华型Plus 国VI,一汽大众探岳灯光不亮 变速箱低速顿挫,变速器:顿挫 车身附件及电器:车灯不亮 ,2020-07-22,厂家受理
499697,上汽斯柯达,明锐,2019款 1.5L 自动 舒适版 国V,斯柯达明锐行驶时刹车异响 变速箱顿挫,变速器:异响 变速器:顿挫 制动系统:异响 ,2020-07-22,厂家受理
499696,北京越野,北京BJ20,2016款 1.5T 手动 舒适版,北京BJ20后视镜折叠后断裂存在质量问题,车身附件及电器:后视镜故障 ,2020-07-22,厂家受理
499695,东风风行,景逸X5,2017款 1.5T CVT 尊享型 劲享系列,东风风行景逸X5配件质量差故障问题多,配件争议:配件质量差 ,2020-07-22,处理反馈
499694,奇瑞汽车,瑞虎8,2020款 290TGDI 自动 豪华版,奇瑞瑞虎8半轴下摆臂及螺丝生锈,车身附件及电器:车身生锈 ,2020-07-22,处理反馈
499687,东风日产,劲客,2019款 1.5L 手动 酷动版,东风日产劲客冷凝器泄漏制冷剂无法制冷,车身附件及电器:空调问题 ,2020-07-22,厂家受理
499684,吉利汽车,帝豪GL,2018款 1.4T 自动 精英智联型,吉利帝豪GL变速箱漏油维修两次未解决,变速器:漏油 ,2020-07-22,厂家受理
499683,一汽丰田,奕泽IZOA,2018款 2.0L 奕驰版 国V,一汽丰田奕泽主驾驶位置地板塌陷,车身附件及电器:车身不平整 ,2020-07-22,信息审核
499674,北京奔驰,奔驰C级,2020款 C 200 L 时尚型运动版,北京奔驰C级低速行驶中严重顿挫,变速器:顿挫 ,2020-07-22,信息审核
499673,福特（进口）,探险者（进口）,2017款 2.3T 精英版,进口福特探险者缸盖开裂冷却液渗入发动机,发动机:冷却系统故障 ,2020-07-22,信息审核
499672,一汽-大众,探岳,2019款 330TSI 两驱 豪华型 国Ⅵ,一汽大众探岳车灯不亮影响夜间行车安全,车身附件及电器:车灯不亮 ,2020-07-22,厂家受理
499663,江淮汽车,瑞风S3,2015款 1.5L 手动 豪华智能尊享版,江淮瑞风S3车身大梁开裂希望厂家尽快解决,前后桥及悬挂系统:前后桥断裂 ,2020-07-22,处理反馈
499658,林肯（进口）,林肯MKC,2017款 2.0T 四驱 尊雅版,林肯MKC防冻液渗入发动机气缸内部,发动机:冷却系统故障 ,2020-07-22,信息审核
499656,东风日产,天籁,2013款 2.0L XL 舒适版,东风日产天籁变速箱漏油4S店不予解决,变速器:漏油 服务态度:不予索赔 人员技术:多次返修 ,2020-07-22,厂家受理
499654,东风标致,标致408,2014款 1.8L 自动 豪华版,东风标致408后桥严重异响要求厂家解决,前后桥及悬挂系统:前后桥异响 ,2020-07-22,处理反馈
499653,上汽大众,朗逸,2017款 1.6L 手动 风尚版,大众朗逸离合器抖动 变速箱异响 减震器异响,变速器:异响 离合器:抖动 前后桥及悬挂系统:减震器异响 ,2020-07-22,厂家受理
499651,北京现代,菲斯塔,2019款 280TGDi 智速版 国V,北京现代菲斯塔方向异响 4S店服务态度差,转向系统:异响 服务态度:态度蛮横 人员技术:操作不规范 ,2020-07-22,信息审核
499649,奇瑞汽车,艾瑞泽5,2019款 1.5L CVT 新自在版 国VI,奇瑞艾瑞泽5刹车异响车窗异响发动机抖动,发动机:抖动 制动系统:异响 车身附件及电器:门窗异响 车身附件及电器:车窗升降故障 ,2020-07-22,处理反馈
499648,上汽大众,途昂,2020款 380TSI 四驱 豪华版 国VI,上汽大众途昂底盘异响 天窗漏水	,前后桥及悬挂系统:底盘异响 车身附件及电器:天窗漏水 ,2020-07-22,厂家受理
499647,东风标致,标致4008,2019款 改款 360THP 尝先版,东风标致4008行驶时后轮轻微侧滑,前后桥及悬挂系统:悬挂故障 ,2020-07-22,处理反馈
499646,一汽-大众,C-TREK蔚领,2018款 1.5L 自动 舒适型,一汽大众蔚领冷车启动发动机有异响,发动机:异响 ,2020-07-22,厂家受理
499644,东风雪铁龙,雪铁龙C4L,2014款 1.8L 手动 智驱版 劲享型,东风雪铁龙C4L方向盘上下晃动影响使用,转向系统:抖动 转向系统:方向盘自由间隙过大 ,2020-07-22,用户评分
499633,吉利汽车,帝豪GS,2016款 1.8L 手动 领尚型 运动版,吉利帝豪GS离合器失效 变速箱漏油,变速器:漏油 离合器:离合器失效 制动系统:故障灯亮 ,2020-07-22,处理反馈
499630,东风本田,本田CR-V,2017款 240TURBO 自动 两驱 风尚版,东风本田CR-V行驶中制动偏软4S店不解决,制动系统:刹车偏软 制动系统:刹车泵故障 服务态度:不解决问题 ,2020-07-22,信息审核
499629,一汽丰田,卡罗拉,2019款 1.2T S-CVT GL-i精英版,一汽丰田卡罗拉中控导航地图出现死机,车身附件及电器:导航问题 ,2020-07-22,信息审核
499627,北京现代,领动,2016款 1.6L 自动 智炫·精英型,北京现代领动前挡风玻璃自然破裂,车身附件及电器:玻璃开裂 服务态度:不予索赔 ,2020-07-22,信息审核
499626,东风标致,标致308,2019款 190THP 自动 豪华版 国V,东风标致308米其林轮胎外侧壁有裂痕,轮胎:开裂 ,2020-07-22,处理反馈
499624,海马汽车,海马8S,2019款 1.6TGDI 自动 潮版,海马8S行驶中发动机熄火 变速箱漏油,发动机:漏油 发动机:熄火 变速器:漏油 ,2020-07-22,信息审核
499621,一汽大众,捷达VS5,2019款 280TSI 自动 悦享型,捷达VS5玲珑轮胎开裂存在质量问题,轮胎:开裂 ,2020-07-22,厂家受理
499618,华晨中华,中华V7,2018款 280T DCT 豪华型 5座,中华V7发动机故障灯亮多次维修未解决,发动机:故障灯亮 人员技术:多次返修 ,2020-07-22,信息审核
499614,奇瑞汽车,艾瑞泽5,2017款 1.5L 手动 时尚版,奇瑞艾瑞泽5变速箱顿挫异响 刹车异响,变速器:异响 变速器:顿挫 制动系统:异响 ,2020-07-22,处理反馈
499609,一汽丰田,RAV4荣放,2020款 2.0L CVT 四驱 尊贵版,一汽丰田RAV4荣放车门高度不一致希望解决,车身附件及电器:车门故障 销售欺诈:出售问题车 ,2020-07-22,信息审核
499608,上汽斯柯达,柯珞克,2018款 TSI280 旗舰版 国V,斯柯达柯珞克ACC和盲区检测故障维修未解决,车身附件及电器:行车安全辅助系统故障 ,2020-07-22,厂家受理
499604,奇瑞汽车,艾瑞泽7e,2016款 1.6L e 致尚版,奇瑞艾瑞泽7e更换变速箱后报警 怠速抖动,发动机:抖动 变速器:故障灯亮 人员技术:修出新问题 ,2020-07-22,处理反馈
499594,东风本田,INSPIRE,2019款 锐·混动 2.0L 净越版 国VI,东风本田INSPIRE抬头显示和天窗附近有异响,制动系统:手刹故障 车身附件及电器:车内异响 车身附件及电器:天窗异响 ,2020-07-22,信息审核
499592,华晨中华,中华V3,2017款 1.5L 自动 智能型,中华V3钥匙感应模块损坏一键启动失灵,车身附件及电器:车钥匙故障 配件争议:无零配件 ,2020-07-22,信息审核
499587,吉利新能源,星越新能源,2019款 400T 驭星者 纯电动续航56KM,吉利星越新能源车机宣传不符倒车影像有故障,车身附件及电器:车载互联故障 销售欺诈:与宣传不符 ,2020-07-22,处理反馈
499581,东风日产,逍客,2016款 2.0L CVT 豪华版,东风日产逍客变速箱抖动存在质量问题,变速器:抖动 变速器:无法加速 ,2020-07-22,处理反馈
499577,一汽-大众,探岳,2019款 330TSI 两驱 豪华型 国Ⅵ,一汽大众探岳大灯黑斑 中控黑屏 刹车磨损,制动系统:异常磨损 车身附件及电器:影音系统故障 车身附件及电器:车灯不亮 ,2020-07-22,处理反馈
499576,北京奔驰,奔驰GLK,2012款 300 4MATIC 动感型,北京奔驰GLK方向盘盖板变形希望尽快解决,车身附件及电器:部件开裂 ,2020-07-22,信息审核
499572,上汽大众,桑塔纳,2019款 1.5L 自动 风尚版 国VI,上汽大众桑塔纳发动机异响故障灯亮,发动机:异响 发动机:故障灯亮 ,2020-07-22,厂家受理
499571,长安跨越,跨越王X3,2018款 1.5L 舒适型 双排 后双轮 标准货箱 DK15C,长安跨越王X3行驶时发动机熄火无法启动,发动机:熄火 发动机:无法启动 ,2020-07-22,厂家受理
499570,广汽丰田,威兰达,2020款 双擎 2.5L E-CVT 两驱 豪华版,广汽丰田威兰达刹车异响希望厂家处理问题,制动系统:异响 ,2020-07-22,信息审核
499569,上汽大众,途安,2016款 途安L 280TSI 自动 舒雅版,上汽大众途安车内异味影响车辆使用,车身附件及电器:车内异味 ,2020-07-22,厂家受理
499568,江淮汽车,瑞风S3,2017款 1.6L 手动 豪华智能型,江淮瑞风S3经销商收取解压费和管理费,服务收费:变相收费 ,2020-07-22,处理反馈
499566,华泰汽车,圣达菲,2017款 1.5T 手动 两驱 舒适型 汽油,华泰圣达菲发动机抖动变速箱异响刹车失灵,发动机:抖动 变速器:异响 制动系统:刹车失灵 ,2020-07-22,信息审核
499565,一汽-大众奥迪,奥迪A4L,2019款 40 TFSI 时尚型 国V,一汽大众奥迪A4L变速箱降挡异响,变速器:异响 ,2020-07-22,信息审核
499556,上汽大众,途昂,2020款 380TSI 四驱 舒适版 国VI,上汽大众途昂车内异味希望厂家处理问题,车身附件及电器:车内异味 车身附件及电器:空调异味 ,2020-07-22,厂家受理
499554,吉利汽车,帝豪,2019款 领军版 1.5L 手动 豪华型 国VI,吉利帝豪4S店销售问题车辆厂家不予回复,服务态度:不解决问题 销售欺诈:出售问题车 ,2020-07-22,处理反馈
499553,华晨中华,中华V3,2017款 1.5L 手动 智能型,中华V3 ABS泵故障导致ESC系统故障报警,制动系统:ABS故障 ,2020-07-22,信息审核
499541,上汽大众,朗逸,2019款 1.5L 自动 舒适版 国VI,上汽大众朗逸车漆爆裂存在质量问题,车身附件及电器:漆面起泡开裂 ,2020-07-22,厂家受理
499535,上汽集团,荣威950,2012款 2.0L 舒适版,上汽荣威950车内异味希望厂家处理问题,车身附件及电器:车内异味 ,2020-07-22,处理反馈
499534,北京现代,菲斯塔,2019款 280TGDi 智速版 国V,北京现代菲斯塔行驶过程中加油无动力,发动机:抖动 发动机:功率不足 ,2020-07-22,信息审核
499533,上汽集团,荣威RX8,2018款 30T 两驱 智联网 旗舰版 7座,上汽荣威RX8两前轮外侧吃胎明显,前后桥及悬挂系统:吃胎偏磨 ,2020-07-22,处理反馈
499531,广汽丰田,丰田C-HR,2018款 2.0L 领先版 国VI,广汽丰田C-HR刹车盘生锈存在质量问题,制动系统:生锈 ,2020-07-22,信息审核
499530,一汽吉林,森雅R7,2017款 1.6L 手动 豪华型,一汽吉林森雅R7方向跑偏 车窗升降故障,前后桥及悬挂系统:跑偏 车身附件及电器:车窗升降故障 车身附件及电器:车门故障 ,2020-07-22,信息审核
499528,吉利汽车,帝豪GL,2018款 1.4T 自动 精英智联型,吉利帝豪GL副驾驶车门从内到外生锈,车身附件及电器:车身生锈 ,2020-07-22,信息审核
499524,东风雪铁龙,爱丽舍,2014款 1.6L 自动 舒适型,雪铁龙爱丽舍更换车架导致信息不符无法验车,人员技术:修出新问题 ,2020-07-22,用户评分
499519,上汽大众,途观,2013款 1.8TSI 自动 两驱 舒适版,上汽大众途观行驶中发动机抖动熄火,发动机:抖动 发动机:故障灯亮 发动机:熄火 人员技术:多次返修 ,2020-07-22,厂家受理
499515,陆风汽车,逍遥,2018款 1.5GTDI CVT 全景铂金版 改款,陆风逍遥变速箱无法加速4S店不予解决,发动机:异响 变速器:故障灯亮 变速器:无法加速 服务态度:不予索赔 ,2020-07-22,信息审核
499506,上汽大众,朗逸,2017款 1.6L 自动 舒适版,上汽大众朗逸漆面厚度不均匀希望厂家处理,销售欺诈:出售问题车 ,2020-07-22,厂家受理
499505,上汽大众,Polo,2018款 1.5L 自动 安享型,上汽大众Polo刹车异响4S店无法解决,制动系统:异响 ,2020-07-22,处理反馈
499502,奇瑞新能源,瑞虎3xe,2018款 480 畅行版,奇瑞瑞虎3xe满电状态下空调不制冷,车身附件及电器:空调问题 ,2020-07-22,厂家受理
499500,奇瑞汽车,艾瑞泽5,2016款 1.5L 手动 领锐版,奇瑞艾瑞泽5发动机故障灯亮希望厂家处理,发动机:故障灯亮 ,2020-07-22,处理反馈
499499,吉利汽车,远景X3,2019款 升级版 1.5L CVT 精英型,吉利远景X3刹车漏油希望厂家处理,制动系统:漏油 ,2020-07-22,信息审核
499495,东风雪铁龙,爱丽舍,2014款 1.6L 手动 时尚型,东风雪铁龙爱丽舍更换电瓶后ABS报警,制动系统:ABS故障 ,2020-07-22,用户评分
499491,北京现代,领动,2016款 1.6L 自动 智炫·精英型,北京现代领动转向异响多次维修4S店未解决,转向系统:异响 转向系统:卡滞 人员技术:多次返修 配件争议:未按时到货 ,2020-07-22,信息审核
499490,众泰汽车,众泰T600,2016款 2.0T  自动 尊贵型 运动版,众泰T600变速箱无法换挡 温度过高,变速器:脱挡 ,2020-07-22,用户评分
499488,吉利汽车,帝豪,2015款 1.5L 手动 向上版 三厢,吉利帝豪买车后一年内车身严重生锈,车身附件及电器:车身生锈 ,2020-07-22,处理反馈
499487,上汽大众,桑塔纳,2019款 1.5L 手动 舒适版 国VI,上汽大众桑塔纳后刹车抱死希望尽快处理,制动系统:刹车鼓爆裂 ,2020-07-22,处理反馈
499486,广汽丰田,丰田C-HR,2018款 2.0L 领先天窗版 国VI,广汽丰田C-HR车身变色车漆厚度不一致,车身附件及电器:车身有色差 ,2020-07-22,信息审核
499478,上汽通用五菱,新宝骏RS-3,2020款 1.5L CVT 24小时在线精英型,新宝骏RS-3行驶中方向盘抱死4S店不处理,转向系统:卡滞 制动系统:ABS故障 车身附件及电器:空调问题 服务态度:不解决问题 服务态度:互相推诿 人员技术:多次返修 人员技术:修出新问题 ,2020-07-22,信息审核
499476,一汽丰田,RAV4荣放,2016款 2.0L CVT 两驱 风尚版 国V,一汽丰田RAV4荣放尾灯自然开裂质量差,车身附件及电器:灯罩裂纹或变形 ,2020-07-22,信息审核
499475,东风日产,天籁,2016款 2.0L XL 舒适版 改款,东风日产天籁仪表外壳破裂厂家不予索赔,车身附件及电器:部件开裂 车身附件及电器:仪表故障 ,2020-07-22,处理反馈
499474,广汽丰田,汉兰达,2018款 2.0T 四驱 豪华版 7座 国VI,广汽丰田汉兰达方向盘按键失灵 叶子板掉漆,车身附件及电器:影音系统故障 车身附件及电器:漆面起泡开裂 车身附件及电器:导航问题 ,2020-07-22,信息审核
499473,东风日产,楼兰,2019款 2.5L XE 两驱 精英版 国VI,东风日产楼兰低频共振噪音影响驾驶状态,车身附件及电器:车身共振 ,2020-07-22,用户评分
499472,一汽-大众,高尔夫,2020款 280TSI DSG R-Line型,一汽大众高尔夫4S店首保后发动机异响,人员技术:修出新问题 服务流程不完善:未经同意维修 ,2020-07-22,处理反馈
499469,Jeep（进口）,指南者（进口）,2014款 2.4L 自动 四驱 舒适版 改款,进口Jeep指南者车内异味严重要求解决,车身附件及电器:车内异味 ,2020-07-22,信息审核
499466,东风标致,标致4008,2018款 350THP 精英版,东风标致4008新车为事故车 转向异响,转向系统:异响 销售欺诈:出售问题车 ,2020-07-22,处理反馈
499463,一汽大众,捷达VS7,2020款 1.4T 自动 悦享型,捷达VS7变速箱加速行驶时异响明显,变速器:异响 ,2020-07-22,信息审核
499462,东风标致,标致408,2014款 1.8L 自动 豪华版,东风标致408发动机抖动 故障灯亮,发动机:抖动 发动机:故障灯亮 ,2020-07-22,处理反馈
499460,东风日产,逍客,2019款 2.0L CVT 豪华版,东风日产逍客加速时发动机啸叫影响驾驶,发动机:异响 ,2020-07-22,处理反馈
499458,一汽大众,捷达VA3,2019款 1.5L 自动 悦享版,捷达VA3经销商出售库存车与厂家互相推诿,服务态度:互相推诿 销售欺诈:出售库存车 ,2020-07-21,用户评分
499457,保时捷,Cayenne新能源,2020款 Cayenne E-Hybrid Coupé 2.0T,保时捷Cayenne新能源发动机故障灯亮,发动机:故障灯亮 车身附件及电器:影音系统故障 车身附件及电器:倒车雷达失灵 ,2020-07-21,信息审核
499454,吉利汽车,缤瑞,2019款 200T DCT 缤致版,吉利缤瑞发动机故障灯亮 方向刹车失灵,发动机:故障灯亮 转向系统:失灵 制动系统:刹车失灵 车身附件及电器:行车安全辅助系统故障 ,2020-07-21,处理反馈
499451,一汽-大众,速腾,2015款 1.6L  自动 舒适型,一汽大众速腾发动机水泵漏水要求尽快处理,发动机:漏防冻液 ,2020-07-21,处理反馈
499448,北京现代,领动,2019款 1.4T 双离合 炫动·活力型,北京现代领动低速行驶时变速箱顿挫有异响,变速器:异响 变速器:顿挫 ,2020-07-21,信息审核
499445,一汽-大众奥迪,奥迪A6L,2020款 40 TFSI 豪华致雅型,一汽大众奥迪A6L行驶时变速箱和刹车异响,变速器:异响 制动系统:异响 ,2020-07-21,信息审核
499444,吉利汽车,帝豪GL,2017款 1.3T 手动 精英型,吉利帝豪GL后备箱无法开启存在安全隐患,车身附件及电器:后备箱故障 ,2020-07-21,处理反馈
499440,东风,凯普特,4.2轻卡,东风凯普特经销商承诺赠送三年质保不兑现,承诺不兑现:服务承诺不兑现 ,2020-07-21,信息审核
499439,一汽-大众奥迪,奥迪Q3,2019款 35 TFSI 进取动感型,一汽大众奥迪Q3天窗出现漏水的现象,车身附件及电器:天窗漏水 ,2020-07-21,信息审核
499436,奇瑞汽车,艾瑞泽GX,2019款 1.5T 自动 新型色版 国VI,奇瑞艾瑞泽GX低速行驶时变速箱有顿挫的现象,变速器:顿挫 ,2020-07-21,处理反馈
499435,一汽-大众,探岳,2019款 330TSI 两驱 豪华型 国Ⅵ,一汽大众探岳大灯透镜发白导致亮度低,车身附件及电器:车灯不亮 ,2020-07-21,处理反馈
499431,一汽大众,捷达VS5,2019款 280TSI 自动 荣耀型,捷达VS5发动机舱内进水 刹车异响 启停失灵,制动系统:异响 车身附件及电器:影音系统故障 车身附件及电器:车身漏水 车身附件及电器:发动机启停系统故障 ,2020-07-21,用户评分
499430,广汽丰田,威兰达,2020款 双擎 2.5L E-CVT 四驱 豪华版,广汽丰田威兰达刹车时有异响4S店不保修,制动系统:异响 车身附件及电器:后视镜故障 服务态度:不予索赔 ,2020-07-21,信息审核
499427,奇瑞捷豹路虎,发现运动版,2020款 249PS R-Dynamic S 性能版,奇瑞捷豹路虎发现运动版行驶时底盘有异响,前后桥及悬挂系统:底盘异响 ,2020-07-21,用户评分
499426,广汽丰田,雷凌,2017款 1.2T G CVT 精英版,广汽丰田雷凌减震器漏油 后备箱生锈 ,前后桥及悬挂系统:减震器漏油 车身附件及电器:车身生锈 车身附件及电器:漆面起泡开裂 车身附件及电器:车内异响 车身附件及电器:中控台异响 ,2020-07-21,信息审核
499425,长城汽车,哈弗M6,2019款 1.5T DCT 两驱 超值版 国VI,哈弗M6启停功能不工作 发动机抖动,发动机:抖动 车身附件及电器:发动机启停系统故障 ,2020-07-21,用户评分
499424,广汽讴歌,讴歌CDX,2019款 1.5T 两驱 悦享版,广汽讴歌CDX踩油门加速时变速箱顿挫,变速器:顿挫 ,2020-07-21,处理反馈
499422,东风乘用车,风神AX7,2019款 1.6T 自动 AI领航型 降税畅享版 国V,东风风神AX7转向回正时存在卡顿现象,转向系统:卡滞 ,2020-07-21,处理反馈
499419,广汽丰田,雷凌,2019款 185T CVT 豪华版 国VI,广汽丰田雷凌座椅滑轨及转向柱生锈,车身附件及电器:车身生锈 ,2020-07-21,信息审核
499418,广汽本田,飞度,2014款 1.5L CVT LX舒适型,广汽本田飞度启动后VTC动作器异响,发动机:异响 ,2020-07-21,处理反馈
499413,上汽通用五菱,五菱宏光S3,2018款 1.5L 手动 豪华型 国V,上汽通用五菱宏光S3发动机抖动渗油,发动机:异响 发动机:漏油 发动机:抖动 ,2020-07-21,信息审核
499409,吉利新能源,嘉际新能源,2019款 1.5TD PHEV 尊享型,吉利嘉际新能源尊享版氛围灯涉嫌虚假宣传,销售欺诈:与宣传不符 ,2020-07-21,处理反馈
499406,吉利汽车,帝豪GL,2018款 1.4T 自动 精英智联型,吉利帝豪GL后车门和副驾车门锁生锈,车身附件及电器:车身生锈 ,2020-07-21,处理反馈
499403,一汽-大众奥迪,奥迪A6L,2014款 30 FSI CVT  舒适型,一汽大众奥迪A6L天窗漏水希望尽快处理,车身附件及电器:天窗漏水 ,2020-07-21,信息审核
499399,东风日产,逍客,2017款 2.0L CVT 智享版 国V,东风日产逍客后尾灯开裂导致车灯进水,车身附件及电器:灯罩裂纹或变形 ,2020-07-21,处理反馈
499396,广汽本田,锋范,2015款 1.5L 手动 舒适版,广汽本田锋范多次出现启动困难现象,发动机:无法启动 ,2020-07-21,处理反馈
499394,一汽-大众奥迪,奥迪A6L,2014款 TFSI  CVT 标准型,一汽大众奥迪A6L车内异味厂家无回复,车身附件及电器:车内异味 服务态度:不解决问题 服务态度:厂家不回复 ,2020-07-21,信息审核
499393,一汽吉林,森雅R7,2018款 R7C 1.6L 手动 豪华型,一汽吉林森雅R7无法启动 中控锁故障,发动机:无法启动 车身附件及电器:中控锁故障 ,2020-07-21,信息审核
499383,一汽-大众奥迪,奥迪Q5L,2020款 40 TFSI 荣享时尚型,一汽大众奥迪Q5L车内音响有钟表声音,车身附件及电器:影音系统故障 ,2020-07-21,信息审核
499382,广汽丰田,凯美瑞,2008款 240G 2.4 自动 豪华版,广汽丰田凯美瑞中控台严重老化出油,车身附件及电器:仪表台开裂 ,2020-07-21,信息审核
499381,广汽本田,雅阁,2018款 260TURBO 精英版 国VI,广汽本田雅阁行驶途中动力消失,发动机:动力消失 ,2020-07-21,用户评分
499379,江淮汽车,瑞风S3,2015款 1.5L 手动 豪华智能尊享版,江淮瑞风S3轮胎吃胎偏磨刹车异响严重,制动系统:异响 前后桥及悬挂系统:吃胎偏磨 ,2020-07-21,厂家受理
499369,上汽斯柯达,昊锐,2010款 1.4TSI DSG 智雅版,斯柯达昊锐车内异味刺鼻影响身体健康,车身附件及电器:车内异味 ,2020-07-21,处理反馈
499368,奇瑞新能源,奇瑞eQ1,2019款 小蚂蚁 智炫版 4座 35kWh,奇瑞eQ1蓄电池亏电动力电池无法充电,车身附件及电器:动力电池故障 车身附件及电器:充电故障 ,2020-07-21,信息审核
499367,吉利汽车,帝豪GL,2018款 1.4T 自动 精英智联型,吉利帝豪GL雨刮器电机损坏希望厂家处理问题,车身附件及电器:雨刮器故障 ,2020-07-21,处理反馈
499357,北京奔驰,奔驰GLC,2016款 260 4MATIC 动感型,北京奔驰GLC空调出风口出热风希望处理,车身附件及电器:空调问题 ,2020-07-21,信息审核
499356,一汽-大众,探岳,2019款 330TSI 两驱 豪华型 国Ⅵ,一汽大众探岳大灯透镜发白影响照明,车身附件及电器:车灯进水 ,2020-07-21,处理反馈
499353,一汽-大众奥迪,奥迪A6L,2019款 45 TFSI 臻选致雅型,一汽大众奥迪A6L空调异味希望尽快处理,车身附件及电器:空调问题 ,2020-07-21,信息审核
499350,一汽吉林,森雅R7,2017款 1.6L 自动 尊贵型,一汽吉林森雅R7空调压缩机共振希望处理,车身附件及电器:空调问题 ,2020-07-21,信息审核
499348,东风日产,劲客,2017款 1.5L CVT 智行版,东风日产劲客发动机漏油希望处理,发动机:漏油 ,2020-07-21,处理反馈
499344,一汽-大众,探岳,2019款 征途版 280TSI 两驱 豪华型 国Ⅵ,一汽大众探岳大灯透镜发白希望尽快处理,车身附件及电器:车灯不亮 ,2020-07-21,处理反馈
499343,一汽-大众奥迪,奥迪A6L,2019款 45 TFSI quattro 臻选致雅型,一汽大众奥迪A6L怠速抖动 行驶熄火,发动机:抖动 发动机:熄火 ,2020-07-21,信息审核
499342,广汽丰田,汉兰达,2018款 2.0T 两驱 豪华版 7座 国V,广汽丰田汉兰达低速时底盘悬挂异响	,前后桥及悬挂系统:底盘异响 ,2020-07-21,信息审核
499341,一汽-大众,迈腾,2011款 1.4TSI 标准型,一汽大众迈腾双质量飞轮故障希望处理,变速器:异响 ,2020-07-21,处理反馈
499334,华晨宝马,宝马3系,2018款 320Li 时尚型,华晨宝马3系收取金融服务费 强制购买盗抢险,服务收费:变相收费 服务收费:强制购买 ,2020-07-21,信息审核
499333,东风日产,劲客,2017款 1.5L CVT 智行版,东风日产劲客发电机漏油 厂家不承认故障,车身附件及电器:发电机故障 服务态度:否认质量问题 ,2020-07-21,处理反馈
499332,吉利汽车,帝豪,2017款 1.5L CVT 向上版 三厢 百万款,吉利帝豪加速异响 车身抖动影响使用,发动机:异响 发动机:抖动 ,2020-07-21,处理反馈
499330,北京现代,胜达,2013款 2.0T 自动 四驱 顶级型 改款,北京现代胜达电子手刹抱死无法行驶,制动系统:手刹故障 ,2020-07-21,厂家受理
499328,广汽菲克Jeep,自由侠,2018款 互联大屏版 180TS 自动 高能版,广汽菲克Jeep自由侠不明原因导致车身抖动,车身附件及电器:车身共振 ,2020-07-21,信息审核
499326,一汽丰田,亚洲龙,2019款 2.5L Touring 尊贵版 国Ⅵ,一汽丰田亚洲龙中控异响存在质量问题,车身附件及电器:中控台异响 ,2020-07-21,信息审核
499322,北京奔驰,奔驰C级,2015款 180 L,北京奔驰C级雨天时车内有大量的积水,车身附件及电器:天窗漏水 ,2020-07-21,信息审核
499320,长城汽车,哈弗H6 Coupe,2015款 2.0T 自动 两驱精英型,哈弗H6 Coupe发动机烧机油非常严重,发动机:烧机油 ,2020-07-21,处理反馈
499319,华晨中华,中华H530,2014款 1.6L 手动 舒适型,中华H530刹车泵故障 厂家无配件维修,制动系统:刹车泵故障 配件争议:无零配件 ,2020-07-21,信息审核
499317,路虎进口,揽胜运动版,2020款 3.0 L6 HSE DYNAMIC,路虎揽胜运动版防冻液泄漏导致发动机受损,发动机:漏防冻液 ,2020-07-21,处理反馈
499312,众泰汽车,芝麻,2016款 E30 标准型,众泰芝麻充电枪故障 轮毂异响 玻璃水泄漏,车身附件及电器:轮毂问题 车身附件及电器:雨刮器故障 车身附件及电器:充电故障 ,2020-07-21,处理反馈
499311,一汽大众,捷达VA3,2019款 1.5L 手动 悦享版,捷达VA3驾驶室内螺丝脱落要求处理,车身附件及电器:部件异常磨损 ,2020-07-21,处理反馈
499308,东风标致,标致4008,2018款 350THP 精英版,东风标致4008转向时方向盘存在异响,转向系统:异响 ,2020-07-21,处理反馈
499304,广汽丰田,凯美瑞,2019款 双擎 2.5HG 豪华版 国VI,广汽丰田凯美瑞中控屏密封不严导致进灰,车身附件及电器:影音系统故障 ,2020-07-21,用户评分
499302,奇瑞汽车,瑞虎8,2019款 1.6TGDI 自动 精英型,奇瑞瑞虎8厂家赔偿金4S店拒绝核实,承诺不兑现:服务承诺不兑现 ,2020-07-21,厂家受理
499301,东风乘用车,风神AX7,2019款 1.6T 自动 AI领航型 国V,东风风神AX7进气歧管漏油厂家拒绝维修,发动机:漏油 ,2020-07-21,处理反馈
499298,海马汽车,海马S5青春版,2018款 1.6L CVT 豪华型,海马S5青春版售后服务网点少要求解决,服务流程不完善:服务网点少 ,2020-07-21,信息审核
499297,广汽丰田,汉兰达,2012款 2.7 豪华版,广汽丰田汉兰达发动机存在缺陷泄漏机油,发动机:漏油 ,2020-07-21,信息审核
499293,东风标致,标致308,2016款 1.6L 自动 时尚版,东风标致308玛吉斯轮胎开裂影响安全,轮胎:开裂 ,2020-07-21,处理反馈
499281,BEIJING汽车,绅宝X55,2016款 1.5T CVT 精英版,绅宝X55行驶转向卡滞一直未解决,转向系统:卡滞 ,2020-07-21,处理反馈
499279,东风日产,天籁,2013款 2.0L XL 舒适版,东风日产天籁车内沥青异味无法解决,车身附件及电器:车内异味 ,2020-07-21,处理反馈
499278,一汽-大众,探岳,2019款 330TSI 两驱 豪华型 国Ⅵ,一汽大众探岳变速箱低速行驶异响严重,变速器:异响 ,2020-07-21,处理反馈
499276,一汽大众,捷达VS7,2020款 1.4T 自动 荣耀型,捷达VS7后备箱密封条开裂 贴膜收费不合理,车身附件及电器:密封条损坏 服务收费:变相收费 ,2020-07-21,处理反馈
499273,一汽-大众奥迪,奥迪A4L,2018款 2.0T 时尚型 30周年年型,奥迪A4L行驶时变速箱顿挫异响 刹车异响,变速器:异响 变速器:顿挫 制动系统:异响 ,2020-07-21,信息审核
499272,上汽斯柯达,昊锐,2009款 1.8TSI 自动 贵雅版,斯柯达昊锐车内异味严重一直无法解决,车身附件及电器:车内异味 ,2020-07-21,厂家受理
499271,一汽丰田,亚洲龙,2019款 双擎 2.5L 豪华版 国Ⅵ,一汽丰田亚洲龙格栅隔板故障一直没有配件 ,发动机:故障灯亮 配件争议:无零配件 ,2020-07-21,信息审核
499270,一汽大众,捷达VS5,2019款 280TSI 自动 悦享型,捷达VS5玲珑轮胎有裂痕希望厂家处理,轮胎:开裂 ,2020-07-21,处理反馈
499268,广汽丰田,雷凌,2019款 185T CVT 豪华版 国V,广汽丰田雷凌车身与后保险杠明显色差,车身附件及电器:车身有色差 ,2020-07-21,处理反馈
499266,东风本田,哥瑞,2016款 1.5L CVT 经典版,东风本田哥瑞动作器异响 曲轴油封漏油,发动机:异响 变速器:漏油 ,2020-07-21,信息审核
499265,北京现代,名图,2017款 1.8L 自动 智能型 GLS 国V,北京现代名图发动机无法启动一直没有维修好,发动机:无法启动 ,2020-07-21,厂家受理
499262,东风启辰,启辰T70,2019款 2.0L CVT 睿享版 国V,启辰T70更换减震器后减震效果差,前后桥及悬挂系统:减震器过硬 ,2020-07-21,信息审核
499260,江淮汽车,瑞风S3,2016款 1.5L 手动 豪华智能型,江淮瑞风S3前轮吃胎偏磨存在质量问题,前后桥及悬挂系统:吃胎偏磨 ,2020-07-21,处理反馈
499256,东风本田,本田XR-V,2017款 1.5L LXi CVT 经典版,东风本田XR-V中控位置异响希望尽快处理,车身附件及电器:中控台异响 ,2020-07-21,信息审核
499251,东风本田,本田CR-V,2019款 耀目版 240TURBO CVT 两驱 舒适版 国VI,东风本田CR-V刹车泵故障导致刹车踏板回位慢,制动系统:异响 制动系统:刹车泵故障 ,2020-07-21,信息审核
499250,上汽集团,名爵3,2011款 1.3 AMT 舒适版,上汽名爵3正时链条拉长引起发动机跳齿,发动机:正时链条及齿轮故障 ,2020-07-21,处理反馈
499249,东风悦达起亚,焕驰,2019款 1.4L 手动 智享版Value 国V,东风悦达起亚焕驰挂挡困难耐克森轮胎有裂纹,变速器:顿挫 变速器:无法换挡 轮胎:开裂 ,2020-07-21,处理反馈
499246,上汽斯柯达,速派,2016款 TSI330 DSG 创行版,斯柯达速派变速箱故障灯亮无法挂倒挡,变速器:无法换挡 变速器:故障灯亮 ,2020-07-21,处理反馈
499243,上汽大众,朗逸,2013款 1.4TSI DSG舒适版,上汽大众朗逸变速箱异响 曲轴油封漏油,发动机:漏油 变速器:异响 ,2020-07-21,处理反馈
499241,一汽丰田,亚洲龙,2019款 2.0L 豪华版 国VI,一汽丰田亚洲龙4S店贴膜后玻璃有划痕,人员技术:修出新问题 人员技术:操作不规范 ,2020-07-21,信息审核
499238,东风雪铁龙,雪铁龙C4L,2015款 1.2T 自动 尊贵版,东风雪铁龙C4L更换发动机后增压器失灵,发动机:涡轮增压器故障 人员技术:修出新问题 ,2020-07-21,处理反馈
499236,东风雪铁龙,世嘉,2013款 1.6L 手动 CNG品尚型 三厢,东风雪铁龙世嘉大灯和示宽灯自动亮起,车身附件及电器:灯组开关故障 ,2020-07-21,处理反馈
499235,东风日产,楼兰,2019款 2.5L XL 两驱 智联豪华版 国V,东风日产楼兰赠送保养承诺不兑现,承诺不兑现:销售承诺不兑现 ,2020-07-21,处理反馈
499229,一汽-大众,迈腾,2017款 330TSI DSG 领先型,一汽大众迈腾行驶中变速箱无法加速,变速器:故障灯亮 变速器:无法加速 变速器:滑阀箱故障 ,2020-07-21,处理反馈
499228,广汽丰田,凯美瑞,2008款 240G 2.4 自动 豪华版,广汽丰田凯美瑞中控仪表台出油反光,车身附件及电器:仪表台开裂 ,2020-07-21,处理反馈
499227,一汽-大众,迈腾,2019款 330TSI DSG 豪华型 国V,一汽大众迈腾车身多次漏水要求厂家解决,车身附件及电器:车身漏水 ,2020-07-21,处理反馈
499226,上汽大众,朗逸,2017款 1.6L 自动 舒适版,上汽大众朗逸车内存在异味影响身体健康,车身附件及电器:车内异味 ,2020-07-21,处理反馈
499225,江淮汽车,瑞风S3,2014款 1.5L 手动 豪华智能型,江淮瑞风S3车身大梁开裂要求厂家给予解决,前后桥及悬挂系统:前后桥断裂 ,2020-07-21,处理反馈
499219,东风标致,标致408,2016款 1.6T 自动 豪华版,东风标致408固特异轮胎裂痕 漏气,轮胎:开裂 轮胎:胎压偏低 ,2020-07-21,厂家受理
499218,吉利汽车,吉利EC8,2011款 2.0L 自动 标准版,吉利EC8钥匙丢失后4S店无法重新匹配,配件争议:无零配件 ,2020-07-21,用户评分
499210,广汽本田,雅阁,2018款 260TURBO 精英版 国V,广汽本田雅阁高速行驶中动力突然消失,发动机:动力消失 ,2020-07-21,用户评分
499208,一汽-大众,速腾,2020款 280TSI DSG 舒适型 国VI,一汽大众速腾上坡辅助功能与宣传不符,销售欺诈:与宣传不符 ,2020-07-21,处理反馈
499206,上汽斯柯达,速派,2016款 TSI280  DSG 前行版,斯柯达速派发动机特定转速区间车身抖动,车身附件及电器:车身共振 ,2020-07-21,处理反馈
499204,广汽本田,凌派,2019款 180Turbo CVT 舒适版 国VI,广汽本田凌派发动机故障灯亮要求处理,发动机:故障灯亮 ,2020-07-21,处理反馈
499199,东风雪铁龙,雪铁龙C4L,2014款 1.6THP 自动 车载互联劲智型,东风雪铁龙C4L发动机烧机油希望尽快解决,发动机:烧机油 ,2020-07-21,处理反馈
499195,吉利汽车,帝豪GL,2018款 1.8L 自动 精英智联型,吉利帝豪GL发动机疑似连杆异响希望尽快处理,发动机:异响 ,2020-07-21,处理反馈
499193,比亚迪,比亚迪S7,2015款 2.0T 升级版 自动 尊贵型,比亚迪S7天窗漏水 变速器脱挡无法加速,变速器:无法加速 变速器:脱挡 车身附件及电器:天窗漏水 ,2020-07-21,用户评分
499190,长安汽车,长安欧尚A800,2017款 1.6L 手动 豪华型 国V,长安欧尚A800经销商救援收费不标准,服务收费:价格不透明 ,2020-07-21,厂家受理
